City_ID,City,Country,Lat,Lng,Max Temp,Humidity,Cloudiness,Wind Speed,Current Description
0,Mehamn,NO,71.0357,27.8492,40.95,93,75,4.61,light rain
1,Borba,BR,-4.3878,-59.5939,84.92,57,71,1.03,broken clouds
2,Hithadhoo,MV,-0.6,73.0833,81.82,70,100,15.17,overcast clouds
3,Gizo,SB,-8.103,156.8419,82.76,74,100,4.97,overcast clouds
4,San Cristobal,VE,7.7669,-72.225,82.58,61,18,4.21,few clouds
5,Wajima,JP,37.4,136.9,74.55,71,94,21.68,overcast clouds
6,Port Alfred,ZA,-33.5906,26.891,59.18,89,93,3.0,overcast clouds
7,Erzin,TR,36.9559,36.2,72.93,84,26,2.55,scattered clouds
8,Bay-Khaak,RU,51.1667,94.5,21.72,53,2,3.11,clear sky
9,Ambilobe,MG,-13.2,49.05,66.78,79,24,3.04,few clouds
10,Esperance,AU,-33.8667,121.9,57.04,89,100,11.81,overcast clouds
11,Mataura,NZ,-46.1927,168.8643,50.49,51,100,8.81,overcast clouds
12,Barrow,US,71.2906,-156.7887,26.62,86,100,19.57,overcast clouds
13,Rikitea,PF,-23.1203,-134.9692,70.97,71,90,17.58,overcast clouds
14,Vaini,TO,-21.2,-175.2,78.96,83,75,13.8,broken clouds
15,Trzebnica,PL,51.3108,17.0633,52.32,90,30,13.69,scattered clouds
16,Saldanha,ZA,-33.0117,17.9442,51.85,77,0,8.05,clear sky
17,Hermanus,ZA,-34.4187,19.2345,53.8,77,1,8.79,clear sky
18,Vardo,NO,70.3705,31.1107,39.18,87,100,4.61,overcast clouds
19,Busselton,AU,-33.65,115.3333,47.41,81,0,9.95,clear sky
20,Nacala,MZ,-14.5428,40.6728,71.58,82,0,5.41,clear sky
21,Sitka,US,57.0531,-135.33,55.29,67,40,4.61,scattered clouds
22,Hirara,JP,24.8,125.2833,75.47,88,20,3.44,few clouds
23,Coahuayana,MX,18.7333,-103.6833,79.88,86,100,3.87,overcast clouds
24,Gimli,CA,50.6336,-96.9907,59.02,88,90,3.44,overcast clouds
25,Upington,ZA,-28.4478,21.2561,68.38,30,9,9.22,clear sky
26,Mitsamiouli,KM,-11.3847,43.2844,74.98,72,2,2.13,clear sky
27,Castro,BR,-24.7911,-50.0119,58.01,96,69,4.5,broken clouds
28,Praia Da Vitoria,PT,38.7333,-27.0667,71.85,94,20,7.54,few clouds
29,Yellowknife,CA,62.456,-114.3525,48.72,61,75,10.36,broken clouds
30,Marsa Matruh,EG,31.3525,27.2453,73.6,64,0,9.22,clear sky
31,Gamba,GA,-2.65,10.0,76.24,85,82,5.75,broken clouds
32,Dikson,RU,73.5069,80.5464,31.87,99,100,6.89,snow
33,Bitung,ID,1.4451,125.1824,74.25,79,79,0.74,broken clouds
34,Mahebourg,MU,-20.4081,57.7,70.25,78,40,11.5,scattered clouds
35,Geraldton,AU,-28.7667,114.6,55.81,58,0,9.22,clear sky
36,Punta Arenas,CL,-53.15,-70.9167,44.71,81,75,8.05,broken clouds
37,Vanimo,PG,-2.6741,141.3028,78.21,89,76,6.96,broken clouds
38,Ponta Do Sol,PT,32.6667,-17.1,71.71,72,25,2.57,scattered clouds
39,Rayachoti,IN,14.05,78.75,75.52,72,100,6.51,overcast clouds
40,Sakakah,SA,29.9697,40.2064,80.17,17,0,6.2,clear sky
41,Tazovskiy,RU,67.4667,78.7,37.35,97,100,17.0,light rain
42,Husavik,IS,66.0449,-17.3389,44.24,91,100,8.97,overcast clouds
43,Provideniya,RU,64.3833,-173.3,39.36,81,100,8.99,overcast clouds
44,Linxia,CN,35.6003,103.2064,47.43,65,98,2.44,overcast clouds
45,Wattens,AT,47.2722,11.5993,44.51,91,75,2.3,broken clouds
46,Banamba,ML,13.55,-7.45,81.79,57,29,6.53,scattered clouds
47,Kapaa,US,22.0752,-159.319,84.18,60,0,14.97,clear sky
48,Salalah,OM,17.0151,54.0924,77.09,83,40,2.3,scattered clouds
49,Airai,TL,-8.9266,125.4092,62.71,90,99,1.03,overcast clouds
50,Craigieburn,AU,-37.6,144.95,54.79,89,100,5.37,light rain
51,Sierra Vista,US,31.5545,-110.3037,84.31,27,20,9.22,few clouds
52,Abeokuta,NG,7.15,3.35,73.81,97,63,3.53,broken clouds
53,Andapa,MG,-14.65,49.65,59.61,98,34,2.51,scattered clouds
54,Hobart,AU,-42.8794,147.3294,49.05,71,40,12.66,scattered clouds
55,Ust-Nera,RU,64.5667,143.2,9.18,98,95,4.43,overcast clouds
56,Conde,BR,-7.2597,-34.9075,76.46,78,0,10.36,clear sky
57,East London,ZA,-33.0153,27.9116,63.3,74,100,11.25,overcast clouds
58,Lorengau,PG,-2.0226,147.2712,83.84,71,81,8.41,broken clouds
59,Ushuaia,AR,-54.8,-68.3,47.86,57,75,2.3,broken clouds
60,Cao Bang,VN,22.6667,106.25,70.9,97,76,1.79,broken clouds
61,Belaya Gora,RU,68.5333,146.4167,20.77,89,99,5.93,overcast clouds
62,Mar Del Plata,AR,-38.0023,-57.5575,53.62,79,0,11.5,clear sky
63,Bredasdorp,ZA,-34.5322,20.0403,51.26,85,0,6.82,clear sky
64,Constitucion,CL,-35.3333,-72.4167,53.37,75,8,4.12,clear sky
65,Kodiak,US,57.79,-152.4072,51.31,76,100,11.5,overcast clouds
66,San Rafael,AR,-34.6177,-68.3301,79.16,24,26,19.89,scattered clouds
67,Avarua,CK,-21.2078,-159.775,78.85,73,40,21.85,scattered clouds
68,Ponta Delgada,PT,37.7333,-25.6667,76.5,94,75,9.22,broken clouds
69,Adrar,MR,20.5022,-10.0711,93.27,26,95,6.98,overcast clouds
70,Nikolskoye,RU,59.7035,30.7861,46.29,98,100,6.93,overcast clouds
71,Namibe,AO,-15.1961,12.1522,67.26,85,98,2.37,overcast clouds
72,Hamilton,US,39.1834,-84.5333,70.65,40,0,11.5,clear sky
73,Astaneh-Ye Ashrafiyeh,IR,37.2596,49.9444,68.36,86,6,4.45,clear sky
74,Port Macquarie,AU,-31.4333,152.9167,61.9,68,41,4.92,scattered clouds
75,Georgetown,MY,5.4112,100.3354,78.89,91,20,0.0,few clouds
76,Bluff,NZ,-46.6,168.3333,51.8,68,98,26.31,overcast clouds
77,Tuktoyaktuk,CA,69.4541,-133.0374,26.6,80,100,12.66,overcast clouds
78,New Norfolk,AU,-42.7826,147.0587,48.7,73,77,2.13,broken clouds
79,Chokurdakh,RU,70.6333,147.9167,21.45,92,100,5.21,overcast clouds
80,Mwene-Ditu,CD,-7.0,23.45,66.27,86,99,3.22,overcast clouds
81,Arraial Do Cabo,BR,-22.9661,-42.0278,69.66,83,75,2.3,broken clouds
82,Atuona,PF,-9.8,-139.0333,76.77,71,16,18.28,few clouds
83,Elat,IL,29.5581,34.9482,84.04,32,0,10.36,clear sky
84,Khatanga,RU,71.9667,102.5,14.38,89,100,7.74,overcast clouds
85,Hofn,IS,64.2539,-15.2082,48.09,92,100,13.51,overcast clouds
86,Kaitangata,NZ,-46.2817,169.8464,48.9,52,100,8.7,overcast clouds
87,Svetlogorsk,BY,52.6333,29.7333,39.72,97,100,12.26,overcast clouds
88,Te Anau,NZ,-45.4167,167.7167,47.5,70,100,7.85,overcast clouds
89,Talnakh,RU,69.4865,88.3972,34.21,89,100,20.85,overcast clouds
90,Donskoye,RU,45.4552,41.9741,60.93,53,69,4.9,broken clouds
91,Cajamarca,PE,-7.1638,-78.5003,66.27,42,75,6.91,broken clouds
92,Araouane,ML,18.9048,-3.5265,98.04,17,24,10.11,few clouds
93,Puerto Ayora,EC,-0.7393,-90.3518,75.16,89,96,5.99,overcast clouds
94,Vyartsilya,RU,62.1764,30.693,42.62,100,100,13.6,light rain
95,Touros,BR,-5.1989,-35.4608,77.13,74,31,15.52,scattered clouds
96,Jamestown,US,42.097,-79.2353,55.04,53,0,8.05,clear sky
97,Albany,US,42.6001,-73.9662,55.33,63,100,2.53,overcast clouds
98,Jiuquan,CN,39.7432,98.5174,39.16,43,0,4.38,clear sky
99,Hilo,US,19.7297,-155.09,90.28,77,20,10.36,few clouds
100,Tabou,CI,4.423,-7.3528,75.9,92,95,5.75,light rain
101,Verkhnevilyuysk,RU,63.4453,120.3167,26.76,93,100,6.85,overcast clouds
102,Tinskoy,RU,56.1525,96.9161,25.48,99,99,0.98,overcast clouds
103,Roebourne,AU,-20.7833,117.1333,70.2,54,0,10.02,clear sky
104,Kiunga,PG,-6.1219,141.2906,76.73,93,84,2.19,broken clouds
105,Port Blair,IN,11.6667,92.75,80.83,84,97,5.61,overcast clouds
106,Santa Rosa,PH,14.3122,121.1114,79.09,89,98,4.99,overcast clouds
107,Lashio,MM,22.9333,97.75,66.61,99,99,1.61,overcast clouds
108,Qaanaaq,GL,77.484,-69.3632,15.93,72,100,6.55,overcast clouds
109,Taoudenni,ML,22.6783,-3.9836,96.51,18,28,12.06,scattered clouds
110,Saint George,US,37.1041,-113.5841,85.24,27,0,11.5,clear sky
111,Fairbanks,US,64.8378,-147.7164,46.4,81,75,4.61,broken clouds
112,Lata,PT,40.1629,-8.3327,67.91,58,0,1.32,clear sky
113,Goiatuba,BR,-18.0125,-49.3547,79.7,45,8,5.77,clear sky
114,Sur,OM,22.5667,59.5289,78.78,74,0,9.01,clear sky
115,Saskylakh,RU,71.9167,114.0833,13.48,97,99,5.26,overcast clouds
116,Cape Town,ZA,-33.9258,18.4232,58.12,73,0,3.44,clear sky
117,Kirakira,SB,-10.4544,161.9205,81.73,79,46,8.08,scattered clouds
118,Daru,PG,-9.0763,143.2092,82.02,81,20,15.86,few clouds
119,Samarai,PG,-10.6167,150.6667,81.45,81,85,13.85,overcast clouds
120,Port Elizabeth,ZA,-33.918,25.5701,61.09,80,0,18.41,clear sky
121,Oktyabrskiy,RU,54.4815,53.471,49.21,42,5,9.55,clear sky
122,Shubarkuduk,KZ,49.1447,56.4872,44.42,25,0,9.64,clear sky
123,Progreso,MX,21.2833,-89.6667,88.11,68,12,12.84,few clouds
124,Victoria,HK,22.2855,114.1577,83.32,85,10,3.0,clear sky
125,Qasigiannguit,GL,68.8193,-51.1922,18.64,87,24,4.94,few clouds
126,Hay River,CA,60.8156,-115.7999,53.58,54,75,6.91,broken clouds
127,Cherskiy,RU,68.75,161.3,26.28,79,100,6.73,overcast clouds
128,Sidney,AU,-33.8679,151.2073,61.38,72,0,9.22,clear sky
129,Omsukchan,RU,62.5333,155.8,14.0,95,98,6.26,overcast clouds
130,Salihorsk,BY,52.7876,27.5415,41.36,95,100,16.73,overcast clouds
131,Hovd,MN,48.0056,91.6419,23.13,37,0,3.04,clear sky
132,Evensk,RU,61.95,159.2333,32.76,55,100,11.43,overcast clouds
133,Santa Luzia,BR,-19.7697,-43.8514,83.48,43,20,3.44,few clouds
134,Iqaluit,CA,63.7506,-68.5145,35.33,93,100,25.32,overcast clouds
135,Tabas,IR,33.5959,56.9244,73.62,23,0,4.61,clear sky
136,Tautira,PF,-17.7333,-149.15,76.39,81,16,19.6,light rain
137,Katsuura,JP,35.1333,140.3,75.9,74,44,15.9,scattered clouds
138,Baykit,RU,61.67,96.37,24.04,91,57,1.32,broken clouds
139,Awjilah,LY,29.1081,21.2869,73.04,68,0,14.85,clear sky
140,Sangar,RU,63.9242,127.4739,18.12,87,97,3.56,overcast clouds
141,Buzmeyin,TM,38.0507,58.2056,56.93,35,2,4.61,clear sky
142,Thompson,CA,55.7435,-97.8558,57.36,41,40,5.75,scattered clouds
143,Khani,GE,41.9563,42.9566,54.97,89,100,2.46,light rain
144,Sabang,ID,5.8933,95.3214,80.15,82,100,23.78,overcast clouds
145,Neede,NL,52.1342,6.6139,53.33,94,79,4.41,broken clouds
146,Wencheng,CN,33.0559,113.7978,56.79,88,100,19.77,overcast clouds
147,Cidreira,BR,-30.1811,-50.2056,57.72,69,12,14.16,few clouds
148,Ascension,US,30.2169,-90.9001,85.06,38,0,9.22,clear sky
149,Tiksi,RU,71.6872,128.8694,19.9,90,98,10.8,overcast clouds
150,San Carlos De Bariloche,AR,-41.1456,-71.3082,58.75,41,40,23.02,scattered clouds
151,Saint-Joseph,RE,-21.3667,55.6167,68.38,80,38,9.37,scattered clouds
152,Karratha,AU,-20.7377,116.8463,69.76,53,0,9.04,clear sky
153,Bonthe,SL,7.5264,-12.505,76.59,92,99,4.52,overcast clouds
154,Ridgecrest,US,35.6225,-117.6709,94.01,9,0,5.75,clear sky
155,High Level,CA,58.5169,-117.136,60.91,36,75,5.75,broken clouds
156,Meulaboh,ID,4.1363,96.1285,74.41,93,100,3.65,light rain
157,Bouza,NE,14.4229,6.0428,88.72,46,76,10.18,broken clouds
158,Hasaki,JP,35.7333,140.8333,76.21,68,62,16.87,broken clouds
159,Cayenne,GF,4.9333,-52.3333,82.44,74,0,8.05,clear sky
160,Fortuna,US,40.5982,-124.1573,65.93,74,8,1.01,clear sky
161,Anadyr,RU,64.75,177.4833,30.7,100,100,2.24,light snow
162,Kyshtovka,RU,56.555,76.6271,31.39,74,46,6.73,scattered clouds
163,Sunderland,GB,54.9047,-1.3822,56.91,86,100,1.01,overcast clouds
164,Capoterra,IT,39.1763,8.9718,68.54,83,0,6.91,clear sky
165,Paungde,MM,18.4833,95.5,74.52,94,100,1.45,overcast clouds
166,Naze,JP,28.3667,129.4833,77.92,78,17,7.72,few clouds
167,Pevek,RU,69.7008,170.3133,28.99,77,100,8.79,overcast clouds
168,Mountain Home,US,43.133,-115.6912,75.13,24,15,4.7,few clouds
169,Sungaipenuh,ID,-2.0833,101.3833,64.26,95,100,1.61,overcast clouds
170,San Andres,CO,12.5847,-81.7006,86.02,74,40,9.22,scattered clouds
171,Vao,NC,-22.6667,167.4833,69.28,67,24,15.37,few clouds
172,Stara Synyava,UA,49.6032,27.6191,45.72,84,100,19.17,overcast clouds
173,Mahina,PF,-17.5065,-149.489,82.17,65,75,5.75,light rain
174,Harper,LR,4.375,-7.7169,75.79,91,98,6.8,moderate rain
175,Huarmey,PE,-10.0681,-78.1522,66.07,77,11,11.05,few clouds
176,Hobe Sound,US,27.0595,-80.1364,82.98,66,83,12.73,broken clouds
177,Mackay,AU,-21.15,149.2,69.67,67,97,13.91,overcast clouds
178,Liliw,PH,14.1307,121.4366,73.81,94,99,3.51,overcast clouds
179,Clyde River,CA,70.4692,-68.5914,30.43,93,100,2.3,light snow
180,Tasiilaq,GL,65.6145,-37.6368,34.39,99,100,6.04,light snow
181,Torbay,CA,47.6666,-52.7314,46.17,65,20,14.97,few clouds
182,Gat,IL,31.61,34.7642,77.4,100,0,3.69,clear sky
183,Kruisfontein,ZA,-34.0033,24.7314,56.88,76,100,13.56,overcast clouds
184,Mosquera,CO,4.7059,-74.2302,66.29,52,40,11.5,scattered clouds
185,Chuy,UY,-33.6971,-53.4616,53.24,74,33,9.6,scattered clouds
186,Waddan,LY,29.1614,16.139,72.93,62,59,8.97,broken clouds
187,Arlit,NE,18.7369,7.3853,94.35,12,1,8.63,clear sky
188,Darhan,MN,49.4867,105.9228,26.62,51,0,5.82,clear sky
189,Surat Thani,TH,9.1667,99.25,80.19,100,100,1.66,overcast clouds
190,Butaritari,KI,3.0707,172.7902,81.57,73,28,10.71,scattered clouds
191,Flin Flon,CA,54.7682,-101.865,58.84,41,40,4.61,smoke
192,Gorontalo,ID,0.5412,123.0595,74.61,93,96,2.98,overcast clouds
193,Avera,US,33.194,-82.5271,71.65,46,49,9.4,scattered clouds
194,Kholmogory,RU,64.2229,41.656,39.51,90,100,7.94,overcast clouds
195,Kaeo,NZ,-35.1,173.7833,64.33,73,21,5.26,few clouds
196,Upernavik,GL,72.7868,-56.1549,23.22,76,100,8.63,overcast clouds
197,Souillac,MU,-20.5167,57.5167,70.18,78,40,11.5,scattered clouds
198,Sambava,MG,-14.2667,50.1667,66.65,88,15,7.74,few clouds
199,Saint-Philippe,RE,-21.3585,55.7679,69.39,82,42,11.18,scattered clouds
200,Poole,GB,50.7167,-2.0,62.71,89,75,5.75,broken clouds
201,Toyooka,JP,35.5333,134.8333,71.46,89,66,8.08,broken clouds
202,Saint-Augustin,CA,51.226,-58.6502,45.75,55,51,5.26,broken clouds
203,La Ronge,CA,55.1001,-105.2842,59.25,33,20,2.3,smoke
204,Osa,RU,57.2829,55.4567,46.31,64,84,7.31,broken clouds
205,Sola,VU,-13.8833,167.55,80.53,74,23,10.18,few clouds
206,Lompoc,US,34.6391,-120.4579,82.02,64,0,7.0,clear sky
207,Lavrentiya,RU,65.5833,-171.0,38.71,69,2,4.52,clear sky
208,Sassandra,CI,4.95,-6.0833,74.88,94,99,4.99,overcast clouds
209,Sao Filipe,CV,14.8961,-24.4956,79.68,80,100,15.9,light rain
210,Shetpe,KZ,44.1667,52.1167,57.27,22,90,14.88,overcast clouds
211,Tiznit,MA,29.5833,-9.5,78.85,27,0,0.31,clear sky
212,Biak,ID,-0.9131,122.8766,76.17,81,65,0.74,broken clouds
213,Eydhafushi,MV,5.1033,73.0708,82.06,75,100,17.18,overcast clouds
214,Pechora,RU,65.1472,57.2244,39.13,87,100,3.33,overcast clouds
215,Bilma,NE,18.6853,12.9164,89.91,14,0,10.6,clear sky
216,Grindavik,IS,63.8424,-22.4338,46.87,93,100,20.71,overcast clouds
217,Alta Floresta,BR,-9.8756,-56.0861,81.68,54,91,4.47,overcast clouds
218,Ubinskoye,RU,55.3068,79.6802,31.51,79,2,1.48,clear sky
219,Vila Velha,BR,-20.3297,-40.2925,73.94,89,100,15.01,overcast clouds
220,Vila Franca Do Campo,PT,37.7167,-25.4333,76.19,93,47,10.78,light rain
221,Hashtrud,IR,37.4779,47.0508,57.33,28,55,2.33,broken clouds
222,Kushiro,JP,42.975,144.3747,66.15,93,100,21.52,light rain
223,Aklavik,CA,68.2191,-135.0107,29.97,85,82,7.2,broken clouds
224,Suba,PH,10.8438,121.0102,84.31,73,96,6.89,moderate rain
225,Lebu,CL,-37.6167,-73.65,51.71,92,100,10.92,overcast clouds
226,Kampong Cham,KH,11.9934,105.4635,74.82,95,100,4.45,overcast clouds
227,Beringovskiy,RU,63.05,179.3167,34.86,89,100,10.04,overcast clouds
228,Hobyo,SO,5.3505,48.5268,76.17,87,26,20.33,scattered clouds
229,Bengkulu,ID,-3.8004,102.2655,76.21,89,100,6.02,overcast clouds
230,Raglan,NZ,-37.8,174.8833,61.09,43,75,4.83,broken clouds
231,Kirando,TZ,-7.4167,30.6,77.02,48,20,0.76,few clouds
232,Gravelbourg,CA,49.8834,-106.5512,69.21,41,26,4.38,scattered clouds
233,Basco,PH,20.4487,121.9702,83.46,76,15,12.95,few clouds
234,Zalantun,CN,48.0,122.7167,28.24,44,0,7.36,clear sky
235,Chicama,PE,-7.8447,-79.1469,68.34,68,16,10.04,few clouds
236,Bahia Honda,CU,22.9036,-83.1592,79.0,61,5,7.9,clear sky
237,Havoysund,NO,70.9963,24.6622,43.03,69,46,7.76,moderate rain
238,Necochea,AR,-38.5473,-58.7368,52.12,62,69,17.36,broken clouds
239,Kuching,MY,1.55,110.3333,73.62,100,20,3.44,few clouds
240,Kondinskoye,RU,59.6481,67.41,46.56,94,100,11.1,overcast clouds
241,Panambi,BR,-28.2925,-53.5017,58.3,74,0,7.18,clear sky
242,Buraydah,SA,26.326,43.975,78.55,14,5,7.52,clear sky
243,Yanam,IN,16.7333,82.2167,76.69,95,100,1.61,overcast clouds
244,Pizarro,CO,4.9533,-77.366,80.74,80,97,7.65,overcast clouds
245,Krasnoarmeysk,RU,51.0239,45.6969,54.23,96,100,8.59,light rain
246,Tuatapere,NZ,-46.1333,167.6833,49.6,67,99,8.63,overcast clouds
247,Kamenka,RU,51.3223,42.7678,50.7,74,47,9.84,scattered clouds
248,Tabuk,PH,17.4189,121.4443,73.29,94,71,1.95,broken clouds
249,Oranjestad,AW,12.524,-70.027,83.86,80,5,19.64,clear sky
250,Bambous Virieux,MU,-20.3428,57.7575,70.21,74,7,11.77,clear sky
251,Maragogi,BR,-9.0122,-35.2225,74.46,76,4,8.19,clear sky
252,Mulege,MX,26.8833,-111.9833,87.26,36,0,9.1,clear sky
253,Stonewall,CA,50.1344,-97.3268,68.02,42,64,2.35,broken clouds
254,Yulara,AU,-25.2406,130.9889,61.07,71,59,9.42,broken clouds
255,Saint Anthony,US,45.0205,-93.218,76.12,43,0,12.66,clear sky
256,Faya,SA,18.3851,42.4509,61.32,56,24,3.0,few clouds
257,Chokwe,MZ,-24.5333,32.9833,80.44,51,0,11.1,clear sky
258,Batemans Bay,AU,-35.7167,150.1833,57.09,63,88,2.82,overcast clouds
259,Charcas,MX,23.1333,-101.1167,65.53,32,100,10.67,overcast clouds
260,Luderitz,NA,-26.6481,15.1594,59.49,76,1,18.9,clear sky
261,Korla,CN,41.7597,86.1469,49.32,25,16,10.38,few clouds
262,Huanren,CN,41.2647,125.3667,37.56,89,26,7.23,scattered clouds
263,Kavieng,PG,-2.5744,150.7967,83.7,70,98,10.78,overcast clouds
264,Aberdeen,GB,57.1437,-2.0981,58.5,89,100,10.36,overcast clouds
265,Blagoyevo,RU,63.3667,47.9167,42.39,94,100,7.65,light rain
266,Namatanai,PG,-3.6667,152.4333,83.1,68,100,6.08,overcast clouds
267,Mbandaka,CD,0.0487,18.2603,70.07,97,100,1.88,overcast clouds
268,Sandy Point,AU,-38.8167,146.1,52.74,69,97,6.4,overcast clouds
269,North Bend,US,43.4065,-124.2243,64.92,94,100,5.75,overcast clouds
270,Guerrero Negro,MX,27.9769,-114.0611,73.06,70,74,16.69,broken clouds
271,Cairns,AU,-16.9167,145.7667,77.07,87,100,1.14,overcast clouds
272,Moranbah,AU,-22.0016,148.0466,70.02,63,4,18.86,clear sky
273,Chifeng,CN,42.2683,118.9636,32.58,39,0,11.77,clear sky
274,Pervomayskoye,RU,43.919,46.7102,61.52,71,49,4.56,scattered clouds
275,Norman Wells,CA,65.282,-126.8329,39.65,70,100,2.53,overcast clouds
276,Chojnow,PL,51.2737,15.9366,49.42,92,26,11.23,scattered clouds
277,Tura,IN,25.5198,90.2201,72.46,97,100,2.89,overcast clouds
278,Urumqi,CN,43.801,87.6005,38.35,52,0,4.47,clear sky
279,Pangnirtung,CA,66.1451,-65.7125,35.71,52,100,7.65,overcast clouds
280,Ivanteyevka,RU,55.9711,37.9208,52.34,83,98,18.7,overcast clouds
281,Mandiana,GN,10.6333,-8.6833,74.68,89,79,2.77,broken clouds
282,Dudinka,RU,69.4058,86.1778,34.63,93,100,25.5,light snow
283,Pokhara,NP,28.2333,83.9833,68.04,71,50,5.28,scattered clouds
284,Hameenlinna,FI,60.996,24.4643,44.15,89,100,10.07,overcast clouds
285,Carnarvon,AU,-24.8667,113.6333,64.29,54,0,11.1,clear sky
286,Tyrma,RU,50.0833,132.1667,26.49,74,8,8.95,clear sky
287,Longyearbyen,SJ,78.2186,15.6401,35.44,87,75,2.3,broken clouds
288,Krasnoselkup,RU,65.7,82.4667,35.85,80,100,22.75,light rain
289,Mosjoen,NO,65.836,13.1908,48.67,93,75,0.0,broken clouds
290,San Patricio,US,28.017,-97.5169,85.95,29,100,6.29,overcast clouds
291,Auki,SB,-8.7676,160.7034,82.15,74,93,4.09,overcast clouds
292,Humboldt,US,40.6665,-123.9178,77.67,49,5,6.42,clear sky
293,Dong Hoi,VN,17.4833,106.6,78.84,85,31,5.44,scattered clouds
294,Whitehorse,CA,60.7161,-135.0538,51.03,60,100,11.99,overcast clouds
295,Caravelas,BR,-17.7125,-39.2481,75.92,81,29,11.74,scattered clouds
296,Alice Springs,AU,-23.7,133.8833,65.75,94,40,5.75,scattered clouds
297,Cockburn Town,TC,21.4612,-71.1419,83.62,67,98,2.55,overcast clouds
298,Laguna,US,38.421,-121.4238,89.35,40,0,8.05,clear sky
299,Dehui,CN,44.5333,125.7,32.43,62,4,10.51,clear sky
300,Stavelot,BE,50.393,5.9343,50.56,94,72,3.78,broken clouds
301,Huambo,AO,-12.7761,15.7392,65.26,60,54,1.19,broken clouds
302,Da Nang,VN,16.0678,108.2208,76.98,94,75,5.75,broken clouds
303,Morant Bay,JM,17.8815,-76.4093,85.62,84,100,4.85,overcast clouds
304,Faanui,PF,-16.4833,-151.75,78.66,75,4,15.03,clear sky
305,Haines Junction,CA,60.7522,-137.5108,42.85,94,99,3.78,overcast clouds
306,Sinnamary,GF,5.3833,-52.95,80.28,82,77,10.33,moderate rain
307,Soderhamn,SE,61.3037,17.0592,42.96,87,10,6.15,clear sky
308,Codrington,AU,-38.2667,141.9667,53.02,81,96,12.95,overcast clouds
309,Banda Aceh,ID,5.5577,95.3222,77.79,85,100,14.94,overcast clouds
310,Taunggyi,MM,20.7833,97.0333,60.13,96,79,1.9,broken clouds
311,Opuwo,NA,-18.0607,13.84,72.32,32,67,5.61,broken clouds
312,Santa Cruz,BO,-17.8,-63.1667,86.05,39,20,4.61,few clouds
313,Cabinda,AO,-5.55,12.2,75.83,87,99,6.82,overcast clouds
314,Yar-Sale,RU,66.8333,70.8333,38.75,88,100,15.37,overcast clouds
315,Alofi,NU,-19.0595,-169.9187,80.49,74,75,12.66,broken clouds
316,Shingu,JP,33.7333,135.9833,71.11,80,56,3.27,broken clouds
317,Khanpur,PK,28.6453,70.6567,81.97,38,0,9.62,clear sky
318,Paamiut,GL,61.994,-49.6678,37.24,68,1,14.14,clear sky
319,Tumut,AU,-35.3,148.2167,56.34,73,96,1.14,overcast clouds
320,Kieta,PG,-6.2167,155.6333,82.15,78,100,4.76,overcast clouds
321,Turukhansk,RU,65.8167,87.9833,30.24,80,74,18.03,broken clouds
322,Charlestown,AU,-32.95,151.6667,61.11,78,69,3.0,broken clouds
323,Murupara,NZ,-38.4667,176.7,59.67,37,4,1.07,clear sky
324,Asau,RO,46.4333,26.4,52.72,81,63,5.03,broken clouds
325,Eureka,US,40.8021,-124.1637,86.74,77,8,5.01,clear sky
326,Ilulissat,GL,69.2167,-51.1,32.02,74,100,6.91,overcast clouds
327,Xining,CN,36.6167,101.7667,40.24,56,96,2.01,overcast clouds
328,Swan River,CA,52.1058,-101.2676,63.64,39,80,11.74,broken clouds
329,Pisco,PE,-13.7,-76.2167,62.65,82,20,17.27,few clouds
330,Sao Jose Da Coroa Grande,BR,-8.8978,-35.1478,74.71,76,5,8.28,clear sky
331,Coquimbo,CL,-29.9533,-71.3436,56.93,76,75,9.22,broken clouds
332,Aqtobe,KZ,50.2797,57.2072,35.69,44,0,2.24,clear sky
333,Noumea,NC,-22.2763,166.4572,75.99,99,51,10.04,broken clouds
334,Sunyani,GH,7.3399,-2.3268,72.1,97,29,2.95,scattered clouds
335,Monrovia,LR,6.3005,-10.7969,75.13,91,40,4.5,scattered clouds
336,Angoche,MZ,-16.2325,39.9086,72.75,86,0,7.87,clear sky
337,Iralaya,HN,15.0,-83.2333,75.78,93,100,11.07,overcast clouds
338,Viile Satu Mare,RO,47.6667,22.95,49.55,87,20,8.05,few clouds
339,Buala,SB,-8.145,159.5921,82.42,76,96,9.13,light rain
340,Tommot,RU,58.9564,126.2925,26.15,90,99,5.14,light snow
341,Havre-Saint-Pierre,CA,50.2334,-63.5986,46.78,74,5,18.97,clear sky
342,Ribeira Grande,PT,38.5167,-28.7,70.18,82,100,4.83,overcast clouds
343,Komsomolskiy,UZ,40.4272,71.7189,56.12,54,6,6.91,clear sky
344,Actopan,MX,20.2667,-98.9333,70.27,46,56,13.73,broken clouds
345,Nicoya,CR,10.1483,-85.452,83.1,80,75,3.15,broken clouds
346,Jacareacanga,BR,-6.2222,-57.7528,75.2,89,97,3.2,overcast clouds
347,Barcelos,PT,41.5388,-8.6151,68.85,68,6,2.64,clear sky
348,Akdagmadeni,TR,39.6603,35.8836,56.48,77,88,2.64,overcast clouds
349,Maridi,SS,4.9158,29.4742,67.24,94,100,2.93,overcast clouds
350,Okakarara,NA,-20.5833,17.4333,71.73,16,19,4.81,few clouds
351,Victoria Point,AU,-27.5833,153.3,67.8,78,60,1.01,broken clouds
352,Caraquet,CA,47.7941,-64.9386,47.26,56,0,5.48,clear sky
353,Ayan,RU,56.45,138.1667,34.03,55,97,13.22,overcast clouds
354,Severo-Yeniseyskiy,RU,60.3725,93.0408,23.43,87,58,3.53,broken clouds
355,Corrente,BR,-3.7367,-43.3394,81.1,61,87,6.24,overcast clouds
356,Vestmannaeyjar,IS,63.4427,-20.2734,50.29,82,100,25.55,overcast clouds
357,Longkou,CN,37.6508,120.3286,55.04,59,96,34.65,overcast clouds
358,Santana Do Livramento,BR,-30.8908,-55.5328,53.78,73,0,7.58,clear sky
359,Comodoro Rivadavia,AR,-45.8667,-67.5,66.06,42,0,8.05,clear sky
360,Ranong,TH,9.9658,98.6348,76.73,89,100,3.49,overcast clouds
361,Amasya,TR,40.6667,35.8333,49.68,82,5,1.7,clear sky
362,Lander,US,42.833,-108.7307,64.8,44,40,0.0,scattered clouds
363,Los Llanos De Aridane,ES,28.6585,-17.9182,74.12,56,100,6.91,overcast clouds
364,Cururupu,BR,-1.8283,-44.8683,75.67,83,50,3.74,scattered clouds
365,Kisangani,CD,0.5167,25.2,69.96,97,59,1.12,broken clouds
366,Kautokeino,NO,69.0125,23.0412,36.3,93,95,5.14,overcast clouds
367,Cap Malheureux,MU,-19.9842,57.6142,70.47,69,47,5.01,scattered clouds
368,Hachinohe,JP,40.5,141.5,67.23,80,100,7.87,light rain
369,Sharkan,RU,57.2989,53.8712,47.55,63,89,9.06,overcast clouds
370,Vostok,RU,46.4856,135.8833,29.26,96,100,9.73,light snow
371,Malitbog,PH,8.5339,124.8831,72.14,86,85,4.09,overcast clouds
372,Abu Samrah,SY,35.3029,37.1841,74.01,73,0,6.06,clear sky
373,Sokolo,ML,14.7328,-6.1219,87.15,39,57,3.04,broken clouds
374,Iquique,CL,-20.2208,-70.1431,59.04,73,31,6.6,scattered clouds
375,Bambanglipuro,ID,-7.95,110.2833,76.1,88,83,6.2,broken clouds
376,Newtownards,GB,54.5924,-5.6909,61.54,85,100,19.57,overcast clouds
377,Cedral,MX,23.8,-100.7333,70.29,32,100,7.56,overcast clouds
378,Kabanjahe,ID,3.1001,98.4908,62.33,97,100,3.27,overcast clouds
379,Potam,MX,27.6,-110.3833,91.53,36,0,13.4,clear sky
380,Vila,PT,42.0304,-8.1588,54.7,79,23,1.25,few clouds
381,Piedras Negras,MX,28.7,-100.5167,83.26,41,100,8.7,overcast clouds
382,Antoniny,UA,49.8097,26.8771,45.61,84,100,19.62,overcast clouds
383,Champerico,GT,14.3,-91.9167,86.54,72,25,7.43,scattered clouds
384,Thakurdwara,IN,29.2,78.85,77.22,74,89,3.02,overcast clouds
385,Sokoto,NG,13.0609,5.239,82.56,66,4,8.39,clear sky
386,Altay,CN,47.8667,88.1167,36.95,23,24,8.75,few clouds
387,Palmer,US,42.1584,-72.3287,53.24,68,100,6.91,overcast clouds
388,Nampa,US,43.5407,-116.5635,78.58,37,0,5.75,clear sky
389,Kirishi,RU,59.4471,32.0205,47.59,93,100,7.0,overcast clouds
390,Mujiayingzi,CN,42.1167,118.7833,29.79,48,0,10.69,clear sky
391,Byron Bay,AU,-28.65,153.6167,63.95,66,47,0.43,scattered clouds
392,Isangel,VU,-19.55,169.2667,77.11,83,100,4.61,overcast clouds
393,Half Moon Bay,US,37.4636,-122.4286,80.42,63,0,23.02,clear sky
394,Severo-Kurilsk,RU,50.6789,156.125,50.88,86,95,10.47,overcast clouds
395,Marathon,US,44.9,-89.7668,69.04,55,0,6.91,clear sky
396,Cherdakly,RU,54.3594,48.845,55.35,50,0,11.18,clear sky
397,Dekar,BW,-21.5333,21.9333,74.62,18,0,8.61,clear sky
398,Paracuru,BR,-3.41,-39.0306,80.11,77,34,12.26,scattered clouds
399,Aksu,CN,41.1231,80.2644,57.61,31,100,4.99,overcast clouds
400,Kristiinankaupunki,FI,62.2743,21.376,45.01,92,65,5.75,broken clouds
401,Lagoa,PT,39.05,-27.9833,69.37,78,99,5.57,overcast clouds
402,Kuruman,ZA,-27.4524,23.4325,61.0,9,2,10.25,clear sky
403,Port-Cartier,CA,50.0334,-66.8654,51.48,54,0,8.77,clear sky
404,Ulagan,RU,50.6321,87.9563,20.62,68,0,2.95,clear sky
405,Praia,CV,14.9215,-23.5087,79.34,83,75,16.11,thunderstorm
406,Sipe Sipe,BO,-17.45,-66.3833,70.29,48,82,1.48,broken clouds
407,Brae,GB,60.3964,-1.353,53.1,94,100,24.99,moderate rain
408,Boddam,GB,57.4667,-1.7833,56.43,83,100,31.09,overcast clouds
409,Sovetskiy,RU,61.3614,63.5842,43.32,97,94,5.66,overcast clouds
410,Baghdad,IQ,33.3406,44.4009,76.91,23,0,4.61,clear sky
411,Cuiluan,CN,47.72,128.648,24.82,88,11,4.56,few clouds
412,Okhotsk,RU,59.3833,143.3,35.01,62,100,6.2,overcast clouds
413,Shalakusha,RU,62.2247,40.2539,45.37,96,100,9.8,light rain
414,Ati,TD,13.2154,18.3353,81.48,62,80,13.51,broken clouds
415,Ancud,CL,-41.8697,-73.8203,48.11,92,100,12.17,moderate rain
416,Chake Chake,TZ,-5.2459,39.7666,72.54,83,31,9.53,scattered clouds
417,Mutare,ZW,-18.9707,32.6709,64.06,35,0,3.24,clear sky
418,Lavumisa,SZ,-27.31,31.892,70.56,84,6,7.61,clear sky
419,Sisimiut,GL,66.9395,-53.6735,33.76,78,97,2.51,overcast clouds
420,San Felipe,VE,10.3399,-68.7425,77.2,85,93,4.41,overcast clouds
421,Leningradskiy,RU,69.3833,178.4167,30.96,93,100,6.53,light snow
422,Verkhnyaya Sinyachikha,RU,57.976,61.6673,47.01,76,100,6.35,overcast clouds
423,Aripuana,BR,-9.1667,-60.6333,81.14,61,35,2.8,scattered clouds
424,Myingyan,MM,21.4667,95.3833,79.0,87,99,1.72,overcast clouds
425,Broome,US,42.2506,-75.833,55.71,63,0,3.44,clear sky
426,Boali,CF,4.8005,18.1275,69.01,97,100,2.21,overcast clouds
427,Sorland,NO,67.667,12.6934,46.26,84,96,22.64,overcast clouds
428,Petropavlovsk-Kamchatskiy,RU,53.0452,158.6483,45.19,93,75,2.24,broken clouds
429,Namtsy,RU,62.7161,129.6658,19.71,95,89,4.32,overcast clouds
430,Punta Alta,AR,-38.8759,-62.0736,66.78,44,98,11.45,overcast clouds
431,Lasa,IT,46.6166,10.7002,56.28,67,79,4.36,broken clouds
432,Arganil,PT,40.2183,-8.054,66.78,56,1,0.29,clear sky
433,Chengde,CN,40.9725,117.9361,34.86,40,0,5.86,clear sky
434,Lindi,TZ,-10.0,39.7167,67.93,91,0,2.53,clear sky
435,Dalvik,IS,65.9702,-18.5286,48.13,94,100,2.64,overcast clouds
436,Cabo San Lucas,MX,22.8909,-109.9124,93.61,35,0,10.36,clear sky
437,Kahului,US,20.8947,-156.47,79.97,85,100,10.36,light rain
438,Nurota,UZ,40.5614,65.6886,54.0,27,0,3.53,clear sky
439,Timra,SE,62.487,17.3257,46.67,93,2,9.22,clear sky
440,Nome,US,64.5011,-165.4064,44.67,76,100,11.5,overcast clouds
441,Jojoima,SL,7.8792,-10.7878,72.01,99,84,1.92,broken clouds
442,Uyuni,BO,-20.4597,-66.825,55.4,11,0,19.42,clear sky
443,Jacqueville,CI,5.2052,-4.4146,76.5,92,75,7.49,broken clouds
444,Raipur,IN,21.2333,81.6333,77.04,78,100,3.87,overcast clouds
445,Tambura,SS,5.6,27.4667,69.19,96,99,3.6,overcast clouds
446,Dinard,FR,48.6314,-2.0614,59.38,88,100,3.44,overcast clouds
447,Salinopolis,BR,-0.6136,-47.3561,80.31,78,77,13.94,broken clouds
448,Acapulco,MX,16.8634,-99.8901,85.82,62,40,11.5,scattered clouds
449,Sesheke,ZM,-17.4759,24.2968,72.1,22,0,5.35,clear sky
450,Buin,CL,-33.7333,-70.75,62.74,55,88,6.22,overcast clouds
451,Yiyang,CN,28.5892,112.3283,73.33,73,96,13.42,overcast clouds
452,Lososina,RU,48.9975,140.3106,46.78,86,100,9.91,light rain
453,Inuvik,CA,68.3499,-133.7218,29.26,80,75,9.22,broken clouds
454,Mogadishu,SO,2.0371,45.3438,76.73,86,83,14.18,broken clouds
455,Norden,DE,53.6,7.2,57.94,73,98,1.01,overcast clouds
456,Tarko-Sale,RU,64.9225,77.785,38.43,95,100,20.42,overcast clouds
457,Kalmunai,LK,7.4167,81.8167,79.12,69,86,4.25,moderate rain
458,Winneba,GH,5.3511,-0.6231,76.01,92,59,7.16,broken clouds
459,Bandarbeyla,SO,9.4942,50.8122,77.45,80,94,21.41,overcast clouds
460,Murmashi,RU,68.8154,32.8115,37.81,100,75,2.24,fog
461,Narsaq,GL,60.9167,-46.05,35.82,67,44,0.96,scattered clouds
462,Woodburn,US,45.1437,-122.8554,83.32,50,3,3.0,clear sky
463,Puerto Leguizamo,CO,-0.1934,-74.7819,83.55,66,94,1.1,overcast clouds
464,Lulea,SE,65.5842,22.1547,44.67,100,100,1.14,mist
465,Chapais,CA,49.7834,-74.8492,55.18,55,55,7.09,broken clouds
466,Sistranda,NO,63.7256,8.834,49.96,87,78,15.12,broken clouds
467,Labuhan,ID,-6.8844,112.2051,77.32,86,59,11.01,broken clouds
468,Nantucket,US,41.2835,-70.0995,57.31,75,100,23.02,overcast clouds
469,Freeport,US,40.6576,-73.5832,53.15,72,100,18.41,moderate rain
470,Bethel,US,41.3712,-73.414,52.57,71,100,5.01,overcast clouds
471,Takaka,NZ,-40.85,172.8,54.55,84,98,6.04,overcast clouds
472,Khuchni,RU,41.9499,47.9485,58.41,92,53,1.36,broken clouds
473,Nanortalik,GL,60.1432,-45.2371,36.59,75,29,13.51,scattered clouds
474,Wilmington,US,34.2257,-77.9447,57.99,77,100,10.0,overcast clouds
475,Visby,SE,57.6409,18.296,53.82,82,40,17.27,scattered clouds
476,Surt,LY,31.2089,16.5887,76.78,68,88,12.17,overcast clouds
477,Fort Nelson,CA,58.8053,-122.7002,60.39,31,75,4.61,broken clouds
478,Padang,ID,-0.9492,100.3543,73.45,85,100,1.79,overcast clouds
479,Port Lincoln,AU,-34.7333,135.8667,56.95,95,100,24.38,light rain
480,College,US,64.8569,-147.8028,48.18,78,75,5.75,broken clouds
481,Mayskiy,RU,47.6931,40.1025,51.21,72,87,4.97,overcast clouds
482,Bathsheba,BB,13.2167,-59.5167,83.01,78,20,12.66,few clouds
483,Kysyl-Syr,RU,63.8986,122.7617,25.54,90,99,7.14,overcast clouds
484,Zomin,UZ,39.9606,68.3958,53.76,34,0,2.91,clear sky
485,Anastacio,BR,-20.4836,-55.8069,80.31,43,3,6.02,clear sky
486,Kununurra,AU,-15.7667,128.7333,75.18,78,19,0.0,few clouds
487,Tahoua,NE,14.8888,5.2692,89.85,39,49,10.18,scattered clouds
488,Avallon,FR,47.4833,3.9,49.23,89,85,3.31,overcast clouds
489,Bo Phloi,TH,14.3236,99.5161,73.42,96,100,4.99,overcast clouds
490,Santa Lucia Cotzumalguapa,GT,14.3333,-91.0167,86.22,89,71,3.2,broken clouds
491,Vung Tau,VN,10.346,107.0843,81.01,82,62,14.0,broken clouds
492,Rio Gallegos,AR,-51.6226,-69.2181,53.65,50,0,4.61,clear sky
493,Ostrovnoy,RU,68.0531,39.5131,42.78,92,100,8.08,overcast clouds
494,Inhambane,MZ,-23.865,35.3833,72.19,88,0,12.21,clear sky
495,Chiang Rai,TH,19.9167,99.9167,71.58,100,40,5.75,scattered clouds
496,Mandalgovi,MN,45.7625,106.2708,24.04,42,0,6.67,clear sky
497,Aykhal,RU,66.0,111.5,10.13,99,98,5.26,overcast clouds
498,Ippy,CF,6.2679,21.2247,69.17,98,94,3.33,overcast clouds
499,Manjakandriana,MG,-18.9167,47.8,53.29,78,4,0.63,clear sky
500,Kungalv,SE,57.871,11.9805,48.06,90,15,1.23,few clouds
501,Buckeye,US,33.3703,-112.5838,100.42,23,0,6.91,clear sky
502,Oklahoma City,US,35.4676,-97.5164,85.57,25,0,10.36,clear sky
503,Crawfordsville,US,40.0411,-86.8745,69.44,24,0,9.22,clear sky
504,Inirida,CO,3.8653,-67.9239,79.83,77,75,3.29,broken clouds
505,Baruun-Urt,MN,46.6806,113.2792,23.07,53,1,6.29,clear sky
506,Sergeyevka,KZ,53.88,67.4158,36.0,44,20,7.27,few clouds
507,Goderich,CA,43.7501,-81.7165,56.91,62,63,6.91,broken clouds
508,Panzhihua,CN,26.5851,101.7128,67.89,95,100,0.78,overcast clouds
509,Tancheng,CN,27.4375,115.4976,78.58,58,0,1.68,clear sky
510,Shimoda,JP,34.6667,138.95,75.11,74,28,7.11,scattered clouds
511,Beloha,MG,-25.1667,45.05,66.15,81,0,4.81,clear sky
512,Fort Wellington,GY,6.4,-57.6,79.32,82,73,4.52,light rain
513,Kentau,KZ,43.5206,68.5094,51.35,29,3,5.93,clear sky
514,Nankana Sahib,PK,31.4475,73.6972,76.73,47,0,3.67,clear sky
515,Puerto Maldonado,PE,-12.6,-69.1833,90.0,58,20,5.75,few clouds
516,Reserva,BR,-24.6503,-50.8506,59.4,96,21,2.3,few clouds
517,Tazmalt,DZ,36.3868,4.3989,74.75,55,97,4.47,light rain
518,Icara,BR,-28.7133,-49.3,60.35,81,71,6.51,broken clouds
519,Bella Union,UY,-30.2752,-57.6007,62.44,64,0,9.22,clear sky
520,Ekpoma,NG,6.7421,6.139,70.47,98,71,4.47,broken clouds
521,Caucaia,BR,-3.7361,-38.6531,80.55,72,0,6.91,clear sky
522,Klaksvik,FO,62.2266,-6.589,52.72,97,100,36.46,moderate rain
523,San Juan,AR,-31.5375,-68.5364,81.01,24,30,22.62,scattered clouds
524,Port Hawkesbury,CA,45.6169,-61.3485,50.18,82,0,0.0,clear sky
525,Ugoofaaru,MV,5.6667,73.0,82.04,76,98,17.11,light rain
526,Aleksandrov Gay,RU,50.147,48.5704,61.9,31,100,13.94,overcast clouds
527,Lengshuitan,CN,26.4111,111.5956,78.03,65,11,3.06,few clouds
528,Saint-Paul,RE,-21.0096,55.2707,69.91,78,50,1.23,scattered clouds
529,Tombouctou,ML,20.0,-3.0,94.98,17,59,9.42,broken clouds
530,Asfi,MA,32.2994,-9.2372,71.73,66,0,7.4,clear sky
531,Mahibadhoo,MV,3.7833,72.9667,81.48,78,100,16.93,overcast clouds
532,Sohag,EG,26.557,31.6948,82.17,36,0,9.19,clear sky
533,Lincoln,US,40.8,-96.667,83.26,26,50,5.99,scattered clouds
534,Ucluelet,CA,48.9329,-125.5528,55.71,80,41,4.27,scattered clouds
535,Katherine,AU,-14.4667,132.2667,82.72,65,0,4.61,clear sky
536,Karpogory,RU,64.0019,44.4451,40.73,88,100,7.72,light rain
537,Le Port,RE,-20.9373,55.2919,69.8,77,39,4.09,scattered clouds
538,Fundao,BR,-19.9341,-40.4047,76.53,95,100,1.83,overcast clouds
539,Mayo,US,38.8876,-76.5119,51.08,92,100,1.99,light rain
540,Seoul,KR,37.5683,126.9778,70.99,94,75,10.36,light rain
541,Srednekolymsk,RU,67.45,153.6833,24.85,83,97,2.89,overcast clouds
542,Merauke,ID,-8.4667,140.3333,80.31,82,75,12.08,broken clouds
543,Berlevag,NO,70.8578,29.0864,39.2,87,100,3.44,overcast clouds
544,Guarapari,BR,-20.6667,-40.4975,73.89,96,100,6.55,light rain
545,Amahai,ID,-3.3333,128.9167,78.76,84,81,4.05,broken clouds
546,Iracoubo,GF,5.4802,-53.2011,80.73,80,68,10.29,broken clouds
547,Batagay-Alyta,RU,67.8006,130.4114,11.41,94,82,5.57,broken clouds
548,May Pen,JM,17.9645,-77.2451,85.21,87,100,3.27,overcast clouds
549,Bakel,SN,14.905,-12.4568,86.27,59,77,6.8,broken clouds
550,Nizhniy Chir,RU,48.3597,43.0865,56.64,64,16,6.49,few clouds
551,Itupeva,BR,-23.1531,-47.0578,69.04,77,20,5.75,few clouds
552,Misratah,LY,32.3754,15.0925,76.6,68,99,12.53,overcast clouds
553,Moyale,KE,3.5167,39.0584,69.44,56,80,4.43,broken clouds
554,Nagorsk,RU,59.3172,50.8078,48.7,81,100,8.79,overcast clouds
555,Manokwari,ID,-0.8667,134.0833,79.02,77,50,3.85,scattered clouds
556,Ripky,UA,51.801,31.0838,40.42,96,100,13.09,light rain
557,Kibala,TD,9.1104,18.3463,72.68,93,98,1.23,moderate rain
558,Raudeberg,NO,61.9875,5.1352,50.95,1,100,12.68,overcast clouds
559,Grand Gaube,MU,-20.0064,57.6608,70.38,70,44,5.01,scattered clouds
560,Hervey Bay,AU,-25.2986,152.8535,66.02,72,4,10.0,clear sky
561,Oranjemund,NA,-28.55,16.4333,57.22,94,31,13.02,scattered clouds
562,Yumen,CN,40.2833,97.2,39.43,37,0,14.52,clear sky
563,Tulum,MX,20.2167,-87.4667,79.56,76,30,7.23,scattered clouds
564,Turbat,PK,26.0023,63.044,78.93,75,0,5.23,clear sky
565,Sawtell,AU,-30.3833,153.1,64.42,63,3,10.36,clear sky
566,Tahe,CN,52.3333,124.7333,25.81,61,28,7.99,scattered clouds
567,Obigarm,TJ,38.7173,69.7088,51.6,53,1,5.59,clear sky
568,Dragor,DK,55.5946,12.6664,53.02,90,38,9.22,scattered clouds
569,Puerto Escondido,MX,15.85,-97.0667,86.83,51,20,5.75,few clouds
570,Pleszew,PL,51.8964,17.7855,50.36,80,34,13.09,scattered clouds
571,Zhigansk,RU,66.7697,123.3711,24.3,93,97,10.0,overcast clouds
572,Kyabe,TD,9.4515,18.9449,72.45,95,100,4.43,light rain
573,Mnogovershinnyy,RU,53.9353,139.9242,32.74,93,100,6.96,light snow
574,Saint-Pierre,RE,-21.3393,55.4781,69.48,68,100,5.75,overcast clouds
575,Itarema,BR,-2.9248,-39.9167,78.15,78,34,14.18,scattered clouds
576,Budogoshch,RU,59.2816,32.4707,47.3,86,100,8.63,overcast clouds
577,Camacha,PT,33.0833,-16.3333,65.62,77,20,3.44,few clouds
578,Uray,RU,60.1247,64.7758,47.79,97,100,7.49,overcast clouds
579,Mount Gambier,AU,-37.8333,140.7667,51.96,90,100,10.36,overcast clouds
580,Gayeri,BF,12.6497,0.4931,83.57,63,1,11.41,clear sky
581,Antalaha,MG,-14.9003,50.2788,67.62,81,48,5.32,scattered clouds
582,Impfondo,CG,1.6381,18.0667,68.65,99,92,0.98,overcast clouds
583,Shimanovsk,RU,52.0,127.7,27.1,55,20,11.01,few clouds
584,Corrales,US,35.2378,-106.6067,77.18,41,75,10.0,broken clouds
585,Myaundzha,RU,63.0494,147.1858,17.19,84,100,3.69,overcast clouds
586,Sanming,CN,26.2486,117.6186,75.87,83,0,1.41,clear sky
587,Kapiri Mposhi,ZM,-13.9652,28.6809,66.94,36,0,4.65,clear sky
588,Verkhniy Baskunchak,RU,48.2256,46.7217,57.38,80,100,15.64,overcast clouds
589,Kurumkan,RU,54.3,110.3,27.61,77,100,1.12,overcast clouds
590,Ferrol,ES,43.4832,-8.2369,62.67,89,4,4.79,clear sky
591,Sideropolis,BR,-28.5978,-49.4244,59.31,87,89,3.44,overcast clouds
592,Gondar,ET,12.6,37.4667,55.67,76,41,4.61,scattered clouds
593,Otorohanga,NZ,-38.1833,175.2,58.5,45,83,0.67,broken clouds
594,Price,US,39.5994,-110.8107,68.11,55,100,3.44,overcast clouds
595,Methoni,GR,36.8197,21.7049,70.21,75,71,15.82,broken clouds
596,Irbil,IQ,36.1926,44.0106,80.29,17,10,7.52,clear sky
597,Tarnogskiy Gorodok,RU,60.4997,43.5761,53.69,89,100,9.06,overcast clouds
598,Bosaso,SO,11.2842,49.1816,85.48,52,2,3.42,clear sky
599,Hit,IQ,33.6416,42.8251,81.88,18,0,7.14,clear sky
600,Saurimo,AO,-9.6608,20.3916,69.44,67,49,3.87,scattered clouds
601,Bubaque,GW,11.2833,-15.8333,82.11,75,74,6.42,light rain
602,Belz,FR,47.6751,-3.168,60.15,93,9,3.0,clear sky
603,Apiai,BR,-24.5094,-48.8425,60.1,83,92,3.0,overcast clouds
604,Deputatskiy,RU,69.3,139.9,11.17,94,98,4.36,overcast clouds
605,Mao,ES,39.8885,4.2658,64.96,88,20,4.61,few clouds
606,Atar,MR,20.5169,-13.0499,91.42,34,78,1.52,broken clouds
607,Dire Dawa,ET,9.5931,41.8661,69.39,77,84,12.17,moderate rain
608,Bolcske,HU,46.741,18.9674,52.3,70,61,15.21,broken clouds
609,Wageningen,NL,51.9667,5.6667,54.91,93,85,5.12,overcast clouds
610,Chunian,PK,30.964,73.9803,76.87,38,0,1.41,clear sky
611,Katobu,ID,-4.9408,122.5276,78.33,85,99,1.61,overcast clouds
612,Tyret Pervaya,RU,53.6703,102.3106,28.63,85,100,4.05,overcast clouds
613,Healdsburg,US,38.6105,-122.8692,90.3,46,0,10.36,clear sky
614,Peniche,PT,39.3558,-9.3811,65.08,91,3,9.28,clear sky
615,Alibag,IN,18.6411,72.8792,80.67,83,100,7.02,overcast clouds
616,Hambantota,LK,6.1241,81.1185,78.51,79,91,18.48,overcast clouds
617,Chipiona,ES,36.7366,-6.437,68.31,94,75,2.3,mist
618,Goundam,ML,16.4145,-3.6708,95.67,23,8,7.96,clear sky
619,Agropoli,IT,40.3469,14.9966,64.13,75,46,5.84,scattered clouds
620,Nelson Bay,AU,-32.7167,152.15,62.01,79,40,4.0,scattered clouds
621,Shelburne,CA,44.0787,-80.2041,59.76,60,12,3.44,few clouds
622,Mareeba,AU,-17.0,145.4333,74.48,83,61,9.53,broken clouds
623,Chongwe,ZM,-15.3292,28.682,69.12,33,0,3.29,clear sky
624,Ulaanbaatar,MN,47.9077,106.8832,8.73,85,0,0.0,clear sky
625,Krasnyy Yar,RU,46.5331,48.3456,66.13,47,99,11.12,overcast clouds
626,Sire,NG,12.9299,5.2043,80.89,71,7,8.41,clear sky
627,Tromso,NO,69.6496,18.957,42.39,93,20,3.44,fog
628,Vilya,RU,55.2456,42.2089,50.92,65,5,10.98,clear sky
629,Tonj,SS,7.2737,28.6822,70.77,98,100,4.9,moderate rain
630,Betafo,MG,-19.8333,46.85,60.82,49,7,2.82,clear sky
631,Gualeguay,AR,-33.1416,-59.3097,61.36,45,57,9.84,broken clouds
632,Nabire,ID,-3.3667,135.4833,76.32,92,100,3.18,moderate rain
633,Duren,DE,50.8,6.4833,52.0,91,40,3.44,scattered clouds
634,Ahipara,NZ,-35.1667,173.1667,59.04,68,77,10.11,broken clouds
635,Bilibino,RU,68.0546,166.4372,25.23,75,100,2.73,overcast clouds
636,Pacific Grove,US,36.6177,-121.9166,78.55,70,0,10.36,clear sky
637,Victor Harbor,AU,-35.5667,138.6167,55.69,97,100,17.07,light rain
638,Camana,PE,-16.6228,-72.7111,61.5,80,36,7.36,scattered clouds
639,Bowen,AU,-20.0167,148.2333,75.81,67,93,17.85,overcast clouds
640,Wilkie,CA,52.4168,-108.7014,68.9,44,59,3.13,broken clouds
641,Lusambo,CD,-4.9667,23.45,68.16,96,27,0.87,scattered clouds
642,Najran,SA,17.4924,44.1277,72.25,21,1,2.35,clear sky
643,Tual,ID,-5.6667,132.75,82.94,75,53,5.1,broken clouds
644,Diffa,NE,13.3154,12.6113,87.4,38,2,5.64,clear sky
645,Mangai,CD,-4.05,19.5333,69.62,95,95,1.9,light rain
646,Ulety,RU,51.3572,112.4849,21.18,92,27,3.78,scattered clouds
647,Benguela,AO,-12.5763,13.4055,72.5,81,97,2.8,overcast clouds
648,Dulce Grande,MX,23.0,-102.1667,56.37,76,100,4.5,overcast clouds
649,Manggar,ID,-2.8833,108.2667,78.04,82,70,2.46,broken clouds
650,Tomatlan,MX,19.9333,-105.25,74.5,96,100,3.33,overcast clouds
651,Balkhash,KZ,46.844,74.9804,42.13,36,14,21.41,few clouds
652,Suntar,RU,62.1444,117.6319,28.63,94,100,6.02,overcast clouds
653,Raga,SS,8.4596,25.678,70.2,92,63,3.91,broken clouds
654,Menongue,AO,-14.6585,17.691,69.4,19,79,8.25,broken clouds
655,Solnechnyy,RU,50.7214,136.6319,31.21,91,100,9.82,light snow
656,Masumbwe,TZ,-3.6333,32.1833,68.09,45,53,1.83,broken clouds
657,Port Hardy,CA,50.6996,-127.4199,59.18,82,20,4.61,few clouds
658,Mus,TR,39.0,41.75,58.35,33,23,2.71,few clouds
659,Saint-Leu,RE,-21.15,55.2833,68.86,74,58,2.24,broken clouds
660,Babaeski,TR,41.4325,27.0931,60.17,45,54,12.84,broken clouds
661,Redmond,US,47.674,-122.1215,84.87,51,21,3.0,few clouds
662,Kalevala,RU,65.2,31.1667,41.83,95,100,4.45,overcast clouds
663,Villamontes,BO,-21.25,-63.5,77.49,36,77,4.63,broken clouds
664,Qaqortoq,GL,60.7167,-46.0333,36.05,74,42,2.3,scattered clouds
665,Song Phi Nong,TH,14.2241,100.0209,74.23,97,100,6.11,overcast clouds
666,Kemi,FI,65.8596,24.8228,44.37,100,100,4.61,overcast clouds
667,Loikaw,MM,19.6742,97.2094,65.25,99,100,1.79,overcast clouds
668,Gravdal,NO,68.1214,13.5031,49.33,85,100,20.07,overcast clouds
669,Bratsk,RU,56.1325,101.6142,27.09,95,71,4.61,broken clouds
670,Oistins,BB,13.0667,-59.5333,82.49,78,20,12.66,few clouds
671,Rafai,CF,4.95,23.9167,69.15,97,94,2.68,overcast clouds
672,Rawson,AR,-43.3002,-65.1023,57.2,64,100,15.7,overcast clouds
673,Manaus,BR,-3.1019,-60.025,75.7,88,75,2.3,broken clouds
674,Catemaco,MX,18.4167,-95.1167,74.34,80,78,5.3,broken clouds
675,Bandar-E Lengeh,IR,26.5579,54.8807,85.87,67,0,8.77,clear sky
